{"cameraMode":{"drawMode":0,"name":"Shaded","section":"Shading Mode"},"sceneLighting":false,"audioPlay":false,"sceneViewState":{"showFog":true,"showMaterialUpdate":false,"showSkybox":false,"showFlares":true,"showImageEffects":true,"showParticleSystems":true},"in2DMode":false,"pivot":{"x":51.3798828125,"y":7.603515625,"z":36.69189453125},"rotation":{"x":-0.08305739611387253,"y":0.8348652720451355,"z":-0.13130512833595277,"w":-0.5280820727348328},"size":11.894782066345215,"orthographic":true}