{"cameraMode":{"drawMode":0,"name":"Shaded","section":"Shading Mode"},"sceneLighting":true,"audioPlay":false,"sceneViewState":{"showFog":true,"showMaterialUpdate":false,"showSkybox":false,"showFlares":true,"showImageEffects":true,"showParticleSystems":true},"in2DMode":false,"pivot":{"x":-0.9536254405975342,"y":0.018450498580932618,"z":1.0936100482940674},"rotation":{"x":0.09034059196710587,"y":-0.8951823115348816,"z":0.2119629979133606,"w":0.38153743743896487},"size":5.024344444274902,"orthographic":false}