{"cameraMode":{"drawMode":0,"name":"Shaded","section":"Shading Mode"},"sceneLighting":true,"audioPlay":false,"sceneViewState":{"showFog":true,"showMaterialUpdate":false,"showSkybox":false,"showFlares":true,"showImageEffects":true,"showParticleSystems":true},"in2DMode":false,"pivot":{"x":0.34185314178466799,"y":0.8066959381103516,"z":2.2987093925476076},"rotation":{"x":0.19030234217643739,"y":-0.6948893666267395,"z":0.19906724989414216,"w":0.6643010377883911},"size":5.924345016479492,"orthographic":false}