{"cameraMode":{"drawMode":0,"name":"Shaded","section":"Shading Mode"},"sceneLighting":true,"audioPlay":false,"sceneViewState":{"showFog":true,"showMaterialUpdate":false,"showSkybox":false,"showFlares":true,"showImageEffects":true,"showParticleSystems":true},"in2DMode":false,"pivot":{"x":0.6220703125,"y":1.007568359375,"z":0.853515625},"rotation":{"x":-0.0021435164380818607,"y":-0.9896255731582642,"z":-0.014845417812466622,"w":0.14289118349552155},"size":5.660973072052002,"orthographic":true}