{"cameraMode":{"drawMode":0,"name":"Shaded","section":"Shading Mode"},"sceneLighting":true,"audioPlay":false,"sceneViewState":{"showFog":true,"showMaterialUpdate":true,"showSkybox":true,"showFlares":true,"showImageEffects":true,"showParticleSystems":true},"in2DMode":false,"pivot":{"x":60.89453125,"y":19.353515625,"z":113.0244140625},"rotation":{"x":0.19380155205726624,"y":-0.6422248482704163,"z":0.1725660264492035,"w":0.7212558388710022},"size":27.747665405273439,"orthographic":true}