{"cameraMode":{"drawMode":0,"name":"Shaded","section":"Shading Mode"},"sceneLighting":true,"audioPlay":false,"sceneViewState":{"showFog":true,"showMaterialUpdate":false,"showSkybox":true,"showFlares":true,"showImageEffects":true,"showParticleSystems":true},"in2DMode":false,"pivot":{"x":-0.017265796661376954,"y":0.6914582252502441,"z":0.20794105529785157},"rotation":{"x":-0.09655247628688812,"y":0.8734908699989319,"z":-0.19332168996334077,"w":-0.43625566363334658},"size":4.834330081939697,"orthographic":false}