{"cameraMode":{"drawMode":0,"name":"Shaded","section":"Shading Mode"},"sceneLighting":false,"audioPlay":false,"sceneViewState":{"showFog":true,"showMaterialUpdate":false,"showSkybox":false,"showFlares":true,"showImageEffects":true,"showParticleSystems":true},"in2DMode":false,"pivot":{"x":0.044283926486968997,"y":0.737796425819397,"z":0.08036881685256958},"rotation":{"x":0.19030234217643739,"y":-0.6948893666267395,"z":0.19906724989414216,"w":0.6643010377883911},"size":3.9737532138824465,"orthographic":false}