{"cameraMode":{"drawMode":0,"name":"Shaded","section":"Shading Mode"},"sceneLighting":true,"audioPlay":false,"sceneViewState":{"showFog":true,"showMaterialUpdate":false,"showSkybox":true,"showFlares":true,"showImageEffects":true,"showParticleSystems":true},"in2DMode":false,"pivot":{"x":1.008188247680664,"y":-1.4810123443603516,"z":0.5264534950256348},"rotation":{"x":-0.09655247628688812,"y":0.8734908699989319,"z":-0.19332168996334077,"w":-0.43625566363334658},"size":19.863983154296876,"orthographic":false}