{"cameraMode":{"drawMode":0,"name":"Shaded","section":"Shading Mode"},"sceneLighting":true,"audioPlay":false,"sceneViewState":{"showFog":true,"showMaterialUpdate":false,"showSkybox":true,"showFlares":true,"showImageEffects":true,"showParticleSystems":true},"in2DMode":false,"pivot":{"x":-1.7189302444458008,"y":0.48259079456329348,"z":1.735497236251831},"rotation":{"x":0.15754932165145875,"y":-0.5036399960517883,"z":0.09399176388978958,"w":0.8442174196243286},"size":5.254299640655518,"orthographic":false}