{"cameraMode":{"drawMode":0,"name":"Shaded","section":"Shading Mode"},"sceneLighting":true,"audioPlay":false,"sceneViewState":{"showFog":true,"showMaterialUpdate":false,"showSkybox":false,"showFlares":true,"showImageEffects":true,"showParticleSystems":true},"in2DMode":false,"pivot":{"x":-0.00830078125,"y":0.30033114552497866,"z":0.09847363084554672},"rotation":{"x":0.004455927759408951,"y":-0.9899734258651733,"z":0.13749027252197267,"w":0.03208442032337189},"size":1.3152034282684327,"orthographic":true}