{"cameraMode":{"drawMode":0,"name":"Shaded","section":"Shading Mode"},"sceneLighting":true,"audioPlay":false,"sceneViewState":{"showFog":true,"showMaterialUpdate":false,"showSkybox":true,"showFlares":true,"showImageEffects":true,"showParticleSystems":true},"in2DMode":false,"pivot":{"x":-4.395430564880371,"y":-3.4310455322265627,"z":2.907803535461426},"rotation":{"x":0.25555944442749026,"y":-0.49267712235450747,"z":0.15402430295944215,"w":0.8174583315849304},"size":14.627962112426758,"orthographic":false}