{"cameraMode":{"drawMode":0,"name":"Shaded","section":"Shading Mode"},"sceneLighting":true,"audioPlay":false,"sceneViewState":{"showFog":true,"showMaterialUpdate":false,"showSkybox":false,"showFlares":true,"showImageEffects":true,"showParticleSystems":true},"in2DMode":false,"pivot":{"x":0.008162260055541993,"y":-0.03480839729309082,"z":32.99992370605469},"rotation":{"x":0.08734747022390366,"y":-0.531204879283905,"z":0.05517672002315521,"w":0.8409213423728943},"size":10.124883651733399,"orthographic":true}