{"cameraMode":{"drawMode":0,"name":"Shaded","section":"Shading Mode"},"sceneLighting":false,"audioPlay":false,"sceneViewState":{"showFog":true,"showMaterialUpdate":false,"showSkybox":false,"showFlares":true,"showImageEffects":true,"showParticleSystems":true},"in2DMode":false,"pivot":{"x":-0.2742276191711426,"y":-0.1310875415802002,"z":-0.17001968622207642},"rotation":{"x":-0.14118726551532746,"y":0.6543018221855164,"z":-0.12617354094982148,"w":-0.7321540117263794},"size":21.531953811645509,"orthographic":true}