{"cameraMode":{"drawMode":0,"name":"Shaded","section":"Shading Mode"},"sceneLighting":false,"audioPlay":false,"sceneViewState":{"showFog":true,"showMaterialUpdate":false,"showSkybox":false,"showFlares":true,"showImageEffects":true,"showParticleSystems":true},"in2DMode":false,"pivot":{"x":-0.23506402969360352,"y":0.24741268157958985,"z":0.0361783504486084},"rotation":{"x":-0.06449134647846222,"y":0.7364205718040466,"z":-0.07091251015663147,"w":-0.669710099697113},"size":17.3541316986084,"orthographic":true}