{"cameraMode":{"drawMode":0,"name":"Shaded","section":"Shading Mode"},"sceneLighting":true,"audioPlay":false,"sceneViewState":{"showFog":true,"showMaterialUpdate":false,"showSkybox":false,"showFlares":true,"showImageEffects":true,"showParticleSystems":true},"in2DMode":false,"pivot":{"x":52.61733627319336,"y":-27.25741958618164,"z":-15.309471130371094},"rotation":{"x":0.4255296587944031,"y":0.11485904455184937,"z":-0.05455103889107704,"w":0.8959679007530212},"size":107.11090850830078,"orthographic":false}