{"cameraMode":{"drawMode":0,"name":"Shaded","section":"Shading Mode"},"sceneLighting":true,"audioPlay":false,"sceneViewState":{"showFog":true,"showMaterialUpdate":false,"showSkybox":true,"showFlares":true,"showImageEffects":true,"showParticleSystems":true},"in2DMode":false,"pivot":{"x":-10.268304824829102,"y":-4.485208511352539,"z":1.9374771118164063},"rotation":{"x":0.13051152229309083,"y":-0.7689003348350525,"z":0.16629590094089509,"w":0.6034234166145325},"size":18.858993530273439,"orthographic":false}