{"cameraMode":{"drawMode":0,"name":"Shaded","section":"Shading Mode"},"sceneLighting":false,"audioPlay":false,"sceneViewState":{"showFog":true,"showMaterialUpdate":false,"showSkybox":false,"showFlares":true,"showImageEffects":true,"showParticleSystems":true},"in2DMode":false,"pivot":{"x":59.233211517333987,"y":-0.8646037578582764,"z":37.0859375},"rotation":{"x":-0.01581370085477829,"y":0.9795856475830078,"z":-0.08543954789638519,"w":-0.18129262328147889},"size":36.0086669921875,"orthographic":true}