{"cameraMode":{"drawMode":0,"name":"Shaded","section":"Shading Mode"},"sceneLighting":true,"audioPlay":false,"sceneViewState":{"showFog":true,"showMaterialUpdate":false,"showSkybox":true,"showFlares":true,"showImageEffects":true,"showParticleSystems":true},"in2DMode":false,"pivot":{"x":-0.37158203125,"y":0.341064453125,"z":1.168701171875},"rotation":{"x":0.16801758110523225,"y":-0.42549005150794985,"z":0.08073239773511887,"w":0.8855791091918945},"size":2.2007293701171877,"orthographic":true}