{"cameraMode":{"drawMode":0,"name":"Shaded","section":"Shading Mode"},"sceneLighting":false,"audioPlay":false,"sceneViewState":{"showFog":true,"showMaterialUpdate":false,"showSkybox":false,"showFlares":true,"showImageEffects":true,"showParticleSystems":true},"in2DMode":false,"pivot":{"x":16.190000534057618,"y":32.28249740600586,"z":-30.010000228881837},"rotation":{"x":0.055765777826309207,"y":-0.6660333871841431,"z":0.0500464029610157,"w":0.742149293422699},"size":183.24972534179688,"orthographic":true}