{"cameraMode":{"drawMode":0,"name":"Shaded","section":"Shading Mode"},"sceneLighting":false,"audioPlay":false,"sceneViewState":{"showFog":true,"showMaterialUpdate":false,"showSkybox":false,"showFlares":true,"showImageEffects":true,"showParticleSystems":true},"in2DMode":false,"pivot":{"x":-4.939925193786621,"y":3.070925712585449,"z":7.963232040405273},"rotation":{"x":0.06135654076933861,"y":0.9380277991294861,"z":-0.25809285044670107,"w":0.22299835085868836},"size":10.899333000183106,"orthographic":false}