{"cameraMode":{"drawMode":0,"name":"Shaded","section":"Shading Mode"},"sceneLighting":false,"audioPlay":false,"sceneViewState":{"showFog":true,"showMaterialUpdate":false,"showSkybox":false,"showFlares":true,"showImageEffects":true,"showParticleSystems":true},"in2DMode":false,"pivot":{"x":-0.01178121566772461,"y":-0.020710468292236329,"z":-0.06370031833648682},"rotation":{"x":-0.07824531197547913,"y":0.8260899186134338,"z":-0.11851952970027924,"w":-0.5453593134880066},"size":14.435559272766114,"orthographic":true}