{"cameraMode":{"drawMode":0,"name":"Shaded","section":"Shading Mode"},"sceneLighting":false,"audioPlay":false,"sceneViewState":{"showFog":true,"showMaterialUpdate":false,"showSkybox":false,"showFlares":true,"showImageEffects":true,"showParticleSystems":true},"in2DMode":false,"pivot":{"x":-15.890074729919434,"y":6.06632137298584,"z":-2.5850296020507814},"rotation":{"x":0.019450131803750993,"y":-0.9472997784614563,"z":0.31434378027915957,"w":0.05861416459083557},"size":26.479219436645509,"orthographic":false}