{"cameraMode":{"drawMode":0,"name":"Shaded","section":"Shading Mode"},"sceneLighting":false,"audioPlay":false,"sceneViewState":{"showFog":true,"showMaterialUpdate":false,"showSkybox":false,"showFlares":true,"showImageEffects":true,"showParticleSystems":true},"in2DMode":false,"pivot":{"x":12.200750350952149,"y":0.008967161178588868,"z":14.892102241516114},"rotation":{"x":0.15535347163677216,"y":-0.65214604139328,"z":0.13900017738342286,"w":0.7288722395896912},"size":9.572515487670899,"orthographic":false}