{"cameraMode":{"drawMode":0,"name":"Shaded","section":"Shading Mode"},"sceneLighting":true,"audioPlay":false,"sceneViewState":{"showFog":true,"showMaterialUpdate":false,"showSkybox":false,"showFlares":true,"showImageEffects":true,"showParticleSystems":true},"in2DMode":false,"pivot":{"x":-1.0791015625,"y":2.0948486328125,"z":4.8642578125},"rotation":{"x":0.0669342428445816,"y":-0.6901907920837402,"z":0.06437354534864426,"w":0.7176468968391419},"size":4.809260845184326,"orthographic":true}