{"cameraMode":{"drawMode":0,"name":"Shaded","section":"Shading Mode"},"sceneLighting":true,"audioPlay":false,"sceneViewState":{"showFog":true,"showMaterialUpdate":false,"showSkybox":true,"showFlares":true,"showImageEffects":true,"showParticleSystems":true},"in2DMode":false,"pivot":{"x":-0.39501953125,"y":0.62548828125,"z":1.297607421875},"rotation":{"x":0.09812972694635391,"y":-0.5686762928962708,"z":0.06857232004404068,"w":0.8138267993927002},"size":3.8716251850128176,"orthographic":true}