{"cameraMode":{"drawMode":0,"name":"Shaded","section":"Shading Mode"},"sceneLighting":false,"audioPlay":false,"sceneViewState":{"showFog":true,"showMaterialUpdate":false,"showSkybox":false,"showFlares":true,"showImageEffects":true,"showParticleSystems":true},"in2DMode":false,"pivot":{"x":-128.45660400390626,"y":73.10401153564453,"z":156.9103240966797},"rotation":{"x":0.009587103500962258,"y":-0.8987996578216553,"z":0.019686710089445115,"w":0.4378293752670288},"size":65.88460540771485,"orthographic":true}