{"cameraMode":{"drawMode":0,"name":"Shaded","section":"Shading Mode"},"sceneLighting":false,"audioPlay":false,"sceneViewState":{"showFog":true,"showMaterialUpdate":false,"showSkybox":false,"showFlares":true,"showImageEffects":true,"showParticleSystems":true},"in2DMode":false,"pivot":{"x":-11.09870719909668,"y":0.9948005676269531,"z":0.6311244964599609},"rotation":{"x":0.019450131803750993,"y":-0.9472997784614563,"z":0.31434378027915957,"w":0.05861416459083557},"size":14.673078536987305,"orthographic":false}