{"cameraMode":{"drawMode":0,"name":"Shaded","section":"Shading Mode"},"sceneLighting":true,"audioPlay":false,"sceneViewState":{"showFog":true,"showMaterialUpdate":false,"showSkybox":true,"showFlares":true,"showImageEffects":true,"showParticleSystems":true},"in2DMode":false,"pivot":{"x":-7.403013706207275,"y":-4.287234306335449,"z":1.3042371273040772},"rotation":{"x":0.19030234217643739,"y":-0.6948893666267395,"z":0.19906724989414216,"w":0.6643010377883911},"size":12.801862716674805,"orthographic":false}