{"cameraMode":{"drawMode":0,"name":"Shaded","section":"Shading Mode"},"sceneLighting":true,"audioPlay":false,"sceneViewState":{"showFog":true,"showMaterialUpdate":false,"showSkybox":true,"showFlares":true,"showImageEffects":true,"showParticleSystems":true},"in2DMode":false,"pivot":{"x":-8.99770736694336,"y":0.06702756881713867,"z":3.9093377590179445},"rotation":{"x":0.07237401604652405,"y":-0.504093587398529,"z":0.04244357720017433,"w":0.8595657348632813},"size":15.635428428649903,"orthographic":false}