{"cameraMode":{"drawMode":0,"name":"Shaded","section":"Shading Mode"},"sceneLighting":true,"audioPlay":false,"sceneViewState":{"showFog":true,"showMaterialUpdate":false,"showSkybox":false,"showFlares":true,"showImageEffects":true,"showParticleSystems":true},"in2DMode":false,"pivot":{"x":0.18798828125,"y":1.072021484375,"z":2.389404296875},"rotation":{"x":0.12207658588886261,"y":-0.5202282667160034,"z":0.07543537765741348,"w":0.8418863415718079},"size":3.0543410778045656,"orthographic":true}