{"cameraMode":{"drawMode":0,"name":"Shaded","section":"Shading Mode"},"sceneLighting":true,"audioPlay":false,"sceneViewState":{"showFog":true,"showMaterialUpdate":false,"showSkybox":false,"showFlares":true,"showImageEffects":true,"showParticleSystems":true},"in2DMode":false,"pivot":{"x":-0.00830078125,"y":0.30033114552497866,"z":0.09847363084554672},"rotation":{"x":0.010880718007683754,"y":-0.9672755599021912,"z":0.04210309684276581,"w":0.24997416138648988},"size":1.5008656978607178,"orthographic":true}