{"cameraMode":{"drawMode":0,"name":"Shaded","section":"Shading Mode"},"sceneLighting":true,"audioPlay":false,"sceneViewState":{"showFog":true,"showMaterialUpdate":false,"showSkybox":false,"showFlares":true,"showImageEffects":true,"showParticleSystems":true},"in2DMode":false,"pivot":{"x":0.024267196655273439,"y":0.02826404571533203,"z":0.5000004768371582},"rotation":{"x":0.08734747022390366,"y":-0.531204879283905,"z":0.05517672002315521,"w":0.8409213423728943},"size":32.64536666870117,"orthographic":true}