{"cameraMode":{"drawMode":0,"name":"Shaded","section":"Shading Mode"},"sceneLighting":false,"audioPlay":false,"sceneViewState":{"showFog":true,"showMaterialUpdate":false,"showSkybox":false,"showFlares":true,"showImageEffects":true,"showParticleSystems":true},"in2DMode":false,"pivot":{"x":0.18071627616882325,"y":-0.0915226936340332,"z":-0.02573394775390625},"rotation":{"x":-0.06449134647846222,"y":0.7364205718040466,"z":-0.07091251015663147,"w":-0.669710099697113},"size":10.616540908813477,"orthographic":true}